row_id,target
0-4,0.0016110393698555439
0-32,0.0016336181056417968
0-34,0.0016336181056417968
